"START_PROJECT"	"END_PROJECT"
"2020-10-01T00:00:00Z"	"2020-10-04T00:00:00Z"
"2020-10-01T00:00:00Z"	"2020-10-29T00:00:00Z"
"2020-10-01T00:00:00Z"	"2020-10-15T00:00:00Z"
"2020-10-01T00:00:00Z"	"2020-10-31T00:00:00Z"
"2020-10-13T00:00:00Z"	"2020-10-04T00:00:00Z"
"2020-10-13T00:00:00Z"	"2020-10-29T00:00:00Z"
"2020-10-13T00:00:00Z"	"2020-10-15T00:00:00Z"
"2020-10-13T00:00:00Z"	"2020-10-31T00:00:00Z"
"2020-10-30T00:00:00Z"	"2020-10-04T00:00:00Z"
"2020-10-30T00:00:00Z"	"2020-10-29T00:00:00Z"
"2020-10-30T00:00:00Z"	"2020-10-15T00:00:00Z"
"2020-10-30T00:00:00Z"	"2020-10-31T00:00:00Z"
"2020-10-28T00:00:00Z"	"2020-10-04T00:00:00Z"
"2020-10-28T00:00:00Z"	"2020-10-29T00:00:00Z"
"2020-10-28T00:00:00Z"	"2020-10-15T00:00:00Z"
"2020-10-28T00:00:00Z"	"2020-10-31T00:00:00Z"
